[{"assetType":"Alias","assetObject":{"name":"MicroServiceAlias","id":"a75b235d-9923-44cf-9887-cefcf3557822","status":"Success","explanation":"OK"}},{"assetType":"API","assetObject":{"name":"order-service[1.0]","id":"7c5a92ec-29b1-4a87-a23a-3b3d64b0cc31","status":"Success","explanation":"OK"}},{"assetType":"PolicyAction","assetObject":{"name":"Policy Action [Straight Through Routing] -> Policy For API order-service[1.0]","id":"e54f4ebf-263e-44de-b00e-dc9ee2755498","status":"Success","explanation":"OK"}},{"assetType":"PolicyAction","assetObject":{"name":"Policy Action [Enable HTTP / HTTPS] -> Policy For API order-service[1.0]","id":"3890cf5a-b741-4aa2-8ce9-772064992aa1","status":"Success","explanation":"OK"}},{"assetType":"Policy","assetObject":{"name":"Policy For API order-service[1.0]","id":"538b470f-5832-4ce8-8443-9a0bd2e053c3","status":"Success","explanation":"OK"}}]